,0,1,2
0,-0.7335477125125794,-1.041418009376989,0.177216861993874
1,-0.6494168505844655,-1.0505834087207393,0.02177755789587093
2,-0.544253273174331,-1.0620401579004497,0.1383570359693732
3,-0.3970242648001425,-1.078079606752026,0.3932774946900983
4,-0.22876254094392726,-1.0964104054395463,0.37307038515735863
5,-0.01843538612365814,-1.119323903798945,0.07929010041213277
6,0.25498991514269176,-1.1491114516661647,0.02177755789587093
7,0.6125460783371491,-1.188064398877143,-0.3108625528738535
8,1.0332003879776874,-1.233891395595942,-0.5844357280863397
9,1.5800509905103874,-1.29346649133038,-0.8580089032988258
10,2.2951633168993015,-1.3713723857523372,-1.2295088400930532
11,3.1364719361803783,-1.463026379189935,-1.503082015305537
12,-0.8597478821171506,-1.113231387183644,0.21063631237494518
13,-0.8050628218638806,-1.1191888967570875,0.40959862162038924
14,-0.7335515892249892,-1.1269794861992832,0.47021995021861274
15,-0.6494207272968815,-1.1361448855430434,0.29612792962884643
16,-0.5442571498867469,-1.147601634722743,0.15934134202260444
17,-0.3970281415125585,-1.1636410835743223,0.29923671571080807
18,-0.22876641765634315,-1.1819718822618421,0.24172417319454623
19,-0.018439262836074055,-1.204885380621241,-0.14842848009144224
20,0.25498603843027584,-1.2346729284884603,-0.2836606746567034
21,0.6125422016247333,-1.2736258756994392,-0.6147463923854514
22,1.0331965112652715,-1.319452872418238,-0.847905348532456
23,1.5800471137979715,-1.3790279681526756,-1.1012714142122002
24,2.2951594401868856,-1.456933862574633,-1.3344303703592049
25,3.1364680594679624,-1.5485878560122306,-1.8629240042924162
26,-0.9649153607758879,-1.1879150573511372,-0.8925164288085816
27,-0.937572830649253,-1.1908938121378596,-0.354696436629492
28,-0.9018172143298072,-1.1947891068589576,-0.03915464931054563
29,-0.8597517833657536,-1.1993718065308372,0.29503985450016185
30,-0.8050667231124835,-1.2053293161042804,0.554623492343825
31,-0.7335554904735924,-1.2131199055464765,0.6276799652698862
32,-0.6494246285454846,-1.2222853048902367,0.4411528003522843
33,-0.54426105113535,-1.233742054069936,0.06809847051707613
34,-0.39703204276116144,-1.2497815029215151,-0.15728852042502653
35,-0.2287703189049462,-1.2681123016090352,-0.21324666990030977
36,-0.018443164084677083,-1.2910257999684338,-0.5692026762847355
37,0.2549821371816728,-1.3208133478356534,-0.7370771247105785
38,0.6125383003761301,-1.3597662950466323,-0.9065059661774024
39,1.0331926100166684,-1.405593291765431,-1.1303385640785264
40,1.5800432125493684,-1.4651683874998687,-1.3728238784714115
41,2.2951555389382827,-1.5430742819218262,-1.5982108694135164
42,3.1364641582193595,-1.6347282753594237,-2.0085706322322445
43,-0.9649172991321368,-1.2307425533042948,-1.0050544849755365
44,-0.9375747690055016,-1.233721308091017,-0.3568725868868634
45,-0.901819152686056,-1.237616602812115,-0.002470973543416256
46,-0.8597537217220023,-1.2421993024839946,0.35037624675905005
47,-0.8050686614687323,-1.2481568120574382,0.6270582080534957
48,-0.7335574288298409,-1.255947401499634,0.6488197106272184
49,-0.6494265669017333,-1.2651128008433938,0.35814821196394975
50,-0.5442629894915986,-1.2765695500230934,-0.10972409337103801
51,-0.3970339811174102,-1.292608998874673,-0.4190483085260655
52,-0.22877225726119488,-1.3109397975621928,-0.4174939154850847
53,-0.01844510244092576,-1.3338532959215912,-0.6693055881238503
54,0.25498019882542416,-1.363640843788811,-0.9211172607626138
55,0.6125363620198815,-1.4025937909997894,-1.0750021718196383
56,1.0331906716604198,-1.4484207877185886,-1.4636004320646459
57,1.5800412741931196,-1.5079958834530265,-1.75427193072791
58,2.2951536005820334,-1.5859017778749838,-2.261004062087401
59,3.1364622198631102,-1.6775557713125813,-2.610742496307908
60,-0.7335479992020422,-1.2534435778254305,0.32037646106813583
61,-0.6494171372739346,-1.2626089771691906,0.14473004743739307
62,-0.5442535598637999,-1.2740657263488906,0.12607733094563198
63,-0.3970245514896115,-1.2901051752004697,0.2442112020601151
64,-0.22876282763339623,-1.3084359738879894,0.24576559510109372
65,-0.018435672813127083,-1.3313494722473882,-0.08532012262765208
66,0.25498962845322276,-1.3611370201146082,-0.25941214321741624
67,0.6125457916476803,-1.4000899673255862,-0.5127782088971605
68,1.0332001012882184,-1.4459169640443854,-0.8438639266259063
69,1.5800507038209184,-1.505492059778823,-1.0785772758138916
70,2.295163030209833,-1.5833979542007808,-1.5060353620834002
71,3.1364716494909097,-1.675051947638378,-1.7982612537876452
72,-0.937573117338759,-1.4029618164646227,-0.49894411083243845
73,-0.9018175010193131,-1.4068571111857207,-0.16474960702173097
74,-0.8597520700552594,-1.4114398108576,0.24871894187895663
75,-0.8050670098019895,-1.417397320431044,0.5051937936406625
76,-0.7335557771630979,-1.4251879098732394,0.5860222317716213
77,-0.6494249152349906,-1.434353309216999,0.3917231016491197
78,-0.5442613378248559,-1.4458100583966993,0.023331950936851757
79,-0.39703232945066735,-1.4618495072482782,-0.4429859613571574
80,-0.22877060559445211,-1.4801803059357979,-0.46008428480793767
81,-0.01844345077418298,-1.503093804295197,-0.6341763053977018
82,0.25498185049216693,-1.5328813521624165,-0.924847804060966
83,0.6125380136866243,-1.571834299373395,-1.1377996506752308
84,1.0331923233271627,-1.617661296092194,-1.3709586068222355
85,1.5800429258598623,-1.677236391826632,-1.6025631699282592
86,2.295155252248777,-1.7551422862485893,-1.991161430173267
87,3.136463871529854,-1.8467962796861865,-2.4978935615327575
88,-0.9018100097477857,-1.4472065484978183,0.3890806334794521
89,-0.8597445787837319,-1.4517892481696986,0.5274216141266771
90,-0.8050595185304621,-1.457746757743142,0.6673169878148807
91,-0.7335482858915704,-1.465537347185338,0.689078490388599
92,-0.649417423963463,-1.4747027465290974,0.6129132313805761
93,-0.5442538465533283,-1.4861594957087974,0.39996138476631343
94,-0.39702483817913986,-1.5021989445603765,0.22586936417654932
95,-0.22876311432292457,-1.5205297432478964,0.07198445311952709
96,-0.018435959502655423,-1.5434432416072952,-0.1611745030274775
97,0.2549893417636945,-1.5732307894745146,-0.551327156313466
98,0.612545504958152,-1.6121837366854932,-0.7456262864359697
99,1.03319981459869,-1.658010733404292,-1.0767120041647156
100,1.58005041713139,-1.7175858291387303,-1.3875906123607218
101,2.295162743520304,-1.795491723560688,-1.6207495685077262
102,3.1364713628013807,-1.8871457169982846,-2.306236899579919
103,-0.9018138864602335,-1.5328047576287123,0.17068841122175982
104,-0.8597484554961798,-1.5373874573005923,0.4846758054997254
105,-0.8050633952429099,-1.543344966874036,0.7007364381959476
106,-0.7335521626040185,-1.5511355563162315,0.7598033737531924
107,-0.6494213006759109,-1.5603009556599912,0.6634310052124298
108,-0.5442577232657763,-1.5717577048396911,0.35255239701642144
109,-0.39702871489158764,-1.5877971536912707,-0.09666719182680747
110,-0.2287669910353725,-1.6061279523787904,-0.30961903844107014
111,-0.018439836215103325,-1.629041450738189,-0.4075458000228136
112,0.2549854650512466,-1.6588289986054086,-0.7572842342433205
113,0.612541628245704,-1.6977819458163872,-0.990443190390325
114,1.0331959378862423,-1.7436089425351857,-1.2049494300455685
115,1.5800465404189423,-1.803184038269624,-1.4583154957253128
116,2.295158866807856,-1.8810899326915815,-1.750541387429558
117,3.136467486088933,-1.9727439261291788,-2.003907453109304
118,-0.9375734040283342,-1.61510923456903,-0.27184728754525617
119,-0.9018177877088883,-1.6190045292901274,0.06390160930642988
120,-0.8597523567448345,-1.623587228962008,0.39965050615811815
121,-0.8050672964915646,-1.6295447385354516,0.6576797509608027
122,-0.7335560638526731,-1.637335327977647,0.698093970026282
123,-0.6494252019245657,-1.6465007273214065,0.5053492329447613
124,-0.5442616245144308,-1.6579574765011065,0.11519657965877284
125,-0.39703261614024243,-1.6739969253526863,-0.354230118717198
126,-0.2287708922840272,-1.6923277240402055,-0.7039685529377049
127,-0.018443737463758044,-1.7152412223996043,-0.7614810954539645
128,0.2549815638025919,-1.745028770266824,-0.9542258325354896
129,0.6125377269970493,-1.7839817174778025,-1.2853115502642356
130,1.0331920366375875,-1.8298087141966013,-1.4407508543622385
131,1.5800426391702873,-1.8893838099310396,-1.712769636533744
132,2.2951549655592016,-1.9672897043529969,-2.2397088774259744
133,-0.9375753423846234,-1.6579830811900078,-0.30200251254026916
134,-0.9018197260651772,-1.661878375911105,0.05239910080317796
135,-0.8597542951011237,-1.666461075582985,0.3865936046138854
136,-0.8050692348478538,-1.6724185851564286,0.5653488043265898
137,-0.7335580022089622,-1.6802091745986247,0.5669031973675684
138,-0.6494271402808547,-1.6893745739423842,0.27623169870430203
139,-0.5442635628707199,-1.700831323122084,-0.03464690949170411
140,-0.39703455449653147,-1.7168707719736636,-0.4621049957612125
141,-0.22877283064031625,-1.735201570661183,-0.7729836039572187
142,-0.018445675820047087,-1.758115069020582,-0.8491488629652393
143,0.2549796254463028,-1.7879026168878012,-1.080753426071263
144,0.6125357886407602,-1.8268555640987798,-1.4693516863162708
145,1.0331900982812983,-1.8726825608175786,-1.741370468487776
146,1.5800407008139985,-1.9322576565520169,-2.384889187453509
147,-0.9649083473202593,-1.5817749488195503,0.20737208698888698
148,-0.9375658171936244,-1.5847537036062722,0.4840540482833348
149,-0.9018102008741783,-1.5886489983273697,0.7016690740205356
150,-0.8597447699101247,-1.5932316979992498,0.8788698806922614
151,-0.8050597096568548,-1.5991892075726937,1.018765254380465
152,-0.7335484770179633,-1.6069797970148894,1.0405267569541832
153,-0.6494176150898557,-1.616145196358649,0.9255016719216596
154,-0.544254037679721,-1.6276019455383486,0.6736899992828984
155,-0.39702502930553263,-1.6436413943899284,0.24623191301338776
156,-0.22876330544931736,-1.6619721930774476,-0.10350652120711913
157,-0.01843615062904824,-1.6848856914368466,-0.1998788897478795
158,0.25498915063730165,-1.7146732393040656,-0.5107574979438856
159,0.612545313831759,-1.7536261865150446,-0.8589415391234139
160,1.0331996234722975,-1.7994531832338436,-1.1309603212949193
161,1.580050226004997,-1.8590282789682817,-1.3827719939336827
162,2.2951625523939114,-1.9369341733902385,-1.7713702541786904
163,3.1364711716749887,-2.0285881668278365,-2.2003827334891795
164,-0.9649161252813996,-1.7536163625152206,-0.23594080829861613
165,-0.9375735951547647,-1.7565951173019427,0.2770088952247935
166,-0.9018179788353189,-1.7604904120230402,0.5552452495602199
167,-0.8597525478712653,-1.7650731116949194,0.7946217778711434
168,-0.8050674876179953,-1.7710306212683637,0.9345171515593471
169,-0.7335562549791037,-1.7788212107105594,0.8801133951250468
170,-0.6494253930509963,-1.7879866100543194,0.5692347869290407
171,-0.5442618156408616,-1.7994433592340189,0.199289243175792
172,-0.39703280726667306,-1.8154828080855983,-0.28723577865095906
173,-0.22877108341045782,-1.8338136067731177,-0.6369742128714659
174,-0.01844392859018869,-1.856727105132517,-0.7504449048630066
175,0.2549813726761612,-1.886514652999736,-0.9820494679690326
176,0.6125375358706185,-1.9254676002107152,-1.4297146637712808
177,1.033191845511157,-1.9712945969295135,-1.7608003815000264
178,-0.5442532732256757,-0.030396221639411594,0.4792354298562958
179,-0.3970242648514872,-0.04643567049099092,0.6331203409133158
180,-0.22876254099527188,-0.06476646917851028,0.4947793602660952
181,-0.018435386175002764,-0.0876799675379098,0.5118776837168777
182,0.2549899150913471,-0.11746751540512884,0.4310492455859145
183,0.6125460782858045,-0.15642046261610748,0.11861624434892756
184,1.033200387926343,-0.20224745933490637,-0.11765149788003647
185,1.5800509904590427,-0.26182255506934426,-0.4689443251415242
186,2.295163316847957,-0.33972844949130204,-1.0938103276154958
187,3.1364719361290336,-0.43138244292889916,-1.0767120041647156
188,-0.937568929451989,-0.07310303084986094,-0.8581643426029224
189,-0.9018133131325432,-0.07699832557095872,-0.5286330179151574
190,-0.8597478821684895,-0.08158102524283871,-0.19910169322739021
191,-0.8050628219152196,-0.0875385348162824,0.17084385052585635
192,-0.7335515892763282,-0.09532912425847795,0.38379569714012124
193,-0.6494207273482206,-0.10449452360223792,0.5019295682546021
194,-0.544257149938086,-0.11595127278193763,0.4428626326973617
195,-0.39702814156389743,-0.13199072163351697,0.2687706121075998
196,-0.2287664177076822,-0.15032152032103632,0.229910786083099
197,-0.018439262887413082,-0.1732350186804358,0.229910786083099
198,0.2549860383789368,-0.2030225665476549,0.0154045464278533
199,0.6125422015733942,-0.2419755137586335,-0.25661423574365205
200,1.0331965112139327,-0.2878025104774324,-0.4120535398416551
201,1.5800471137466323,-0.3473776062118702,-1.0338107562336674
202,-0.9375728307005828,-0.15923288613025643,-0.6226737968944477
203,-0.9018172143811372,-0.1631281808513542,-0.2325211436084614
204,-0.8597517834170835,-0.1677108805232342,0.17628422616928593
205,-0.8050667231638136,-0.17366839009667787,0.5664368794552767
206,-0.733555490524922,-0.18145897953887344,0.7995958356022812
207,-0.6494246285968145,-0.19062437888263337,0.8353468755448203
208,-0.5442610511866798,-0.20208112806233308,0.6736899992828984
209,-0.39703204281249127,-0.21812057691391243,0.31617959985748956
210,-0.22877031895627606,-0.2364513756014318,0.037943245522065336
211,-0.018443164136006912,-0.2593648739608313,-0.005579759625375698
212,0.254982137130343,-0.2891524218280504,-0.06775548126457781
213,0.6125383003248003,-0.32810536903902904,-0.2480650740182608
214,1.0331926099653386,-0.3739323657578278,-0.4485817763046857
215,1.5800432124980388,-0.4335074614922656,-1.1807008986062792
216,-0.9375747690568244,-0.2020521016438247,-0.6941758767795303
217,-0.9018191527373786,-0.20594739636492246,-0.22164039232160004
218,-0.8597537217733249,-0.21053009603680248,0.250895092136328
219,-0.805068661520055,-0.2164876056102461,0.6845707505697575
220,-0.7335574288811635,-0.22427819505244173,0.88042427373324
221,-0.6494265669530558,-0.2334435943962017,0.8602171642005003
222,-0.5442629895429213,-0.24490034357590135,0.581980809865076
223,-0.3970339811687328,-0.2609397924274807,0.08768382283342525
224,-0.22877225731251752,-0.2792705911150001,-0.24961946705924165
225,-0.018445102492248375,-0.3021840894743995,-0.25117386010022247
226,0.25498019877410155,-0.33197163734161866,-0.25117386010022247
227,0.6125363619685589,-0.3709245845525973,-0.47034327887840627
228,1.0331906716090973,-0.4167515812713961,-0.7081654141483511
229,1.580041274141797,-0.4763266770058339,-1.281736446269982
230,-0.9018098186727098,-0.2740884262204394,0.008565217047541642
231,-0.8597443877086562,-0.2786711258923193,0.22151706366180654
232,-0.8050593274553862,-0.28462863546576306,0.3567492582270677
233,-0.7335480948164946,-0.29241922490795885,0.4904270597513524
234,-0.649417232888387,-0.3015846242517186,0.6054521447838717
235,-0.5442536554782523,-0.3130413734314183,0.5836906422101534
236,-0.397024647104064,-0.3290808222829978,0.4251425520301909
237,-0.22876292324784872,-0.34741162097051714,0.28524717834198726
238,-0.01843576842757959,-0.3703251193299165,0.3023455017927675
239,0.2549895328387703,-0.40011266719713556,0.1640045211455447
240,0.6125456960332276,-0.4390656144081141,-0.15153726617340169
241,1.033200005673766,-0.48489261112691284,-0.3489451823778649
242,1.580050608206466,-0.5444677068613508,-0.6644869696968113
243,2.2951629345953806,-0.6223736012833087,-1.409041236326247
244,3.1364715538764565,-0.7140275947209058,-1.8613696112514353
245,-0.9018136953851378,-0.35966364879238516,-0.4303953777252187
246,-0.859748264421084,-0.364246348464265,-0.05734104789001268
247,-0.805063204167814,-0.37020385803770883,0.27685345592069477
248,-0.7335519715289226,-0.37799444747990457,0.5333283076823985
249,-0.6494211096008149,-0.38715984682366444,0.6126023527723831
250,-0.5442575321906803,-0.3986165960033641,0.5752969197888609
251,-0.3970285238164919,-0.41465604485494356,0.26286391855187397
252,-0.22876679996027657,-0.43298684354246286,-0.06977619221785265
253,-0.01843964514000748,-0.4559003419018623,-0.18635567029135494
254,0.25498565612634244,-0.4856878897690813,-0.2050083867831138
255,0.6125418193207999,-0.5246408369800598,-0.4397217359710992
256,1.0331961289613383,-0.5704678336988587,-0.7132949111835853
257,1.5800467314940378,-0.6300429294332968,-0.9868680863960694
258,-0.9375732129532055,-0.4419307372936546,-0.7653670780564155
259,-0.9018175966337599,-0.44582603201475246,-0.4529340768194285
260,-0.8597521656697062,-0.4504087316866323,0.014938228515559274
261,-0.805067105416436,-0.45636624126007613,0.36623105577704695
262,-0.7335558727775449,-0.46415683070227176,0.6180427284158126
263,-0.6494250108494372,-0.4733222300460317,0.6351410518665906
264,-0.5442614334393026,-0.48477897922573143,0.4968000712193701
265,-0.39703242506511405,-0.5008184280773108,0.1206369553022024
266,-0.22877070120889875,-0.5191492267648302,-0.35189852915572783
267,-0.01844354638862964,-0.5420627251242296,-0.5695135548929308
268,0.25498175487772023,-0.5718502729914486,-0.5337625149503917
269,0.6125379180721776,-0.6108032202024272,-0.7513775406875947
270,1.033192227712716,-0.656630216921226,-0.9689925664247998
271,1.580042830245416,-0.716205312655664,-1.3436012893009865
272,-0.9375751513094692,-0.4847753476215097,-0.7638126850154346
273,-0.9018195349900235,-0.48867064234260743,-0.25552616061496525
274,-0.8597541040259699,-0.4932533420144874,0.2512059707445255
275,-0.8050690437726997,-0.4992108515879311,0.6211515144977698
276,-0.7335578111338082,-0.5070014410301269,0.8154506446202737
277,-0.6494269492057007,-0.5161668403738867,0.8154506446202737
278,-0.5442633717955662,-0.5276235895535865,0.5620845789405294
279,-0.3970343634213776,-0.5436630384051658,0.11441938313828132
280,-0.22877263956516236,-0.5619938370926854,-0.3145930961722057
281,-0.01844548474489322,-0.5849073354520846,-0.5679591618519522
282,0.2549798165214567,-0.6146948833193037,-0.5493064453601911
283,0.6125359797159141,-0.6536478305302822,-0.7047457494581941
284,1.0331902893564524,-0.699474827249081,-1.0560385767196818
285,1.5800408918891524,-0.759049922983519,-1.5425635985464308
286,-0.8597447699613252,-0.5614221602774969,0.26379655437646204
287,-0.8050597097080552,-0.5673796698509406,0.6181981677199114
288,-0.7335484770691638,-0.5751702592931364,0.8746730194816129
289,-0.6494176151410561,-0.5843356586368961,1.0332211096615775
290,-0.5442540377309215,-0.5957924078165959,1.0347755027025562
291,-0.3970250293567331,-0.6118318566681753,0.6850370684820494
292,-0.22876330550051782,-0.6301626553556946,0.1798593301635416
293,-0.01843615068024864,-0.6530761537150942,-0.11236656154070564
294,0.2549891505861012,-0.682863701582313,-0.14811760148324474
295,0.6125453137805587,-0.7218166487932919,-0.5180631452364935
296,1.033199623421097,-0.7676436455120904,-0.6128811207362753
297,1.5800502259537967,-0.8272187412465286,-1.001479380981283
298,2.2951625523427115,-0.9051246356684863,-1.89836416562676
299,3.136471171623788,-0.9967786291060838,-1.8579499465612783
300,-0.9018140776378307,-0.6424422589841274,-0.2777539811009798
301,-0.8597486466737772,-0.6470249586560073,0.3502208074549513
302,-0.8050635864205071,-0.6529824682294509,0.7621349633146604
303,-0.7335523537816155,-0.6607730576716467,1.057469641100867
304,-0.649421491853508,-0.6699384570154066,1.099438253207325
305,-0.5442579144433733,-0.6813952061951064,0.964206058642066
306,-0.397028906069185,-0.6974346550466856,0.4978881463480569
307,-0.22876718221296963,-0.7157654537342052,-0.12542346308493618
308,-0.018440027392700543,-0.7386789520936045,-0.4160949617482026
309,0.2549852738736494,-0.7684664999608235,-0.4145405687072218
310,0.6125414370681067,-0.8074194471718021,-0.6850049578377485
311,1.0331957467086452,-0.8532464438906008,-0.7813773263785089
312,1.5800463492413448,-0.9128215396250391,-1.2290425221807593
313,2.2951586756302595,-0.9907274340469968,-1.9487265001545127
314,-0.9375735952059375,-0.7247538177346643,-0.44018805388339327
315,-0.9018179788864916,-0.7286491124557625,-0.18371320212168732
316,-0.8597525479224379,-0.7332318121276425,0.3074749988280018
317,-0.8050674876691678,-0.739189321701086,0.7022908312369306
318,-0.7335562550302765,-0.7469799111432817,0.8406318118841511
319,-0.649425393102169,-0.7561453104870416,0.7629121598351496
320,-0.5442618156920342,-0.7676020596667416,0.5095460941554053
321,-0.3970328073178459,-0.7836415085183208,0.040119395779436726
322,-0.22877108346163055,-0.8019723072058401,-0.5287884572192539
323,-0.01844392864136143,-0.8248858055652397,-0.8412214584562409
324,0.25498137262498843,-0.8546733534324584,-0.7215331943007791
325,0.6125375358194459,-0.8936263006434373,-0.9173867174642616
326,1.0331918454599842,-0.939453297362236,-1.152100066652247
327,1.5800424479926838,-0.9990283930966741,-1.6805937005854583
328,2.295154774381598,-1.0769342875186318,-1.8546857211752201
329,-0.9649180636888663,-0.7646543858755805,-0.7572842342433205
330,-0.9375755335622312,-0.7676331406623021,-0.22568181422814973
331,-0.9018199172427853,-0.7715284353834005,0.169134018180779
332,-0.8597544862787319,-0.7761111350552805,0.6028096766142063
333,-0.8050694260254617,-0.782068644628724,0.8219790953923901
334,-0.7335581933865704,-0.7898592340709197,0.9028075335233532
335,-0.6494273314584628,-0.7990246334146797,0.7473682294253502
336,-0.544263754048328,-0.8104813825943795,0.4753494472538448
337,-0.3970347456741397,-0.8265208314459587,0.02612985841061592
338,-0.22877302181792436,-0.8448516301334782,-0.4619495564571138
339,-0.01844586699765524,-0.8677651284928776,-0.7541754481613588
340,0.2549794342686947,-0.8975526763600965,-0.7510666620793993
341,0.6125355974631521,-0.9365056235710754,-0.9640185086936642
342,1.0331899071036905,-0.9823326202898739,-1.4132380975368932
343,1.58004050963639,-1.0419077160243122,-1.9215246219373625
344,-0.9018104493897697,-0.7408068599368592,0.41022037883678203
345,-0.8597450184257159,-0.7453895596087393,0.7490780617704276
346,-0.8050599581724461,-0.7513470691821831,1.047521525638596
347,-0.7335487255335545,-0.7591376586243788,1.3086595565232377
348,-0.6494178636054471,-0.7683030579681387,1.389487994654201
349,-0.5442542861953125,-0.7797598071478384,1.2931156261134382
350,-0.39702527782112407,-0.7957992559994178,0.8392328581472712
351,-0.22876355396490874,-0.814130054686937,0.12887523841939616
352,-0.018436399144639605,-0.8370435530463364,-0.20531926539131132
353,0.25498890212171027,-0.8668311009135554,-0.3016916339320717
354,0.6125450653161678,-0.9057840481245343,-0.7353672923655012
355,1.033199374956706,-0.9516110448433329,-1.0897689057089484
356,1.580049977489406,-1.0111861405777713,-1.265415319339691
357,2.2951623038783207,-1.0890920349997288,-1.5794027136176567
358,3.136470923159397,-1.180746028437326,-2.131212243165569
359,-0.9649163737970328,-0.9058220446713589,0.30312269831325683
360,-0.9375738436703979,-0.908800799458081,0.719700033295906
361,-0.901818227350952,-0.9126960941791785,0.9575221685658509
362,-0.8597527963868983,-0.9172787938510587,1.1176246517867943
363,-0.8050677361336283,-0.9232363034245026,1.0803192188032722
364,-0.7335565034947368,-0.9310268928666982,0.6886121724763072
365,-0.6494256415666294,-0.940192292210458,0.08084449345311359
366,-0.5442620641564946,-0.9516490413901578,0.10260599602683411
367,-0.39703305578230613,-0.9676884902417373,-0.30775376679189403
368,-0.22877133192609084,-0.9860192889292565,-1.1113749689785701
369,-0.018444177105821705,-1.0089327872886555,-1.3849481441910563
370,0.2549811241605282,-1.038720335155875,-1.0289921378066282
371,0.6125372873549855,-1.0776732823668538,-1.4393519006253566
372,1.0331915969955239,-1.1235002790856523,-1.5155171596333772
373,1.580042199528224,-1.1830753748200904,-1.9460840319848471
374,-0.9649089780898509,-1.0182125481208972,2.309377796306184
375,-0.937566447963216,-1.0211913029076192,2.2922794728554017
376,-0.9018108316437702,-1.0250865976287167,2.2347669303391395
377,-0.8597454006797165,-1.0296692973005968,1.8244071675204137
378,-0.8050603404264467,-1.0356268068740406,1.3534260761034642
379,-0.733549107787555,-1.0434173963162365,0.8839993777274934
380,-0.6494182458594475,-1.052582795659996,0.27623169870430203
381,-0.5442546684493128,-1.064039544839696,0.35706013683526516
382,-0.3970256600751244,-1.0800789936912754,0.1036940711555187
383,-0.22876393621890914,-1.0984097923787945,-0.3657326272204499
384,-0.018436781398640006,-1.1213232907381943,-0.4621049957612125
385,0.2549885198677099,-1.1511108386054127,-0.7154710614409567
386,0.6125446830621673,-1.1900637858163918,-0.9097701915634606
387,1.0331989927027057,-1.2358907825351908,-1.517537870586652
388,1.5800495952354054,-1.295465878269629,-1.436709432455691
389,-0.9649128548024466,-1.1039803064918077,1.760055295623838
390,-0.9375703246758117,-1.1069590612785296,1.7445113652140385
391,-0.9018147083563656,-1.1108543559996273,1.6885532157387597
392,-0.859749277392312,-1.1154370556715072,1.2610951294692514
393,-0.8050642171390422,-1.1213945652449513,0.9129110882897231
394,-0.7335529845001506,-1.129185154687147,0.5258672210856941
395,-0.649422122572043,-1.1383505540309067,0.02068948276718634
396,-0.5442585451619084,-1.1498073032106064,0.10307231393912814
397,-0.39702953678772,-1.165846752062186,-0.26531883677313983
398,-0.22876781293150472,-1.1841775507497052,-0.7316367490671489
399,-0.018440658111235568,-1.207091049109105,-0.943034202640433
400,0.25498464315511427,-1.2368785969763232,-1.2321513082627187
401,0.6125408063495719,-1.2758315441873025,-1.2088354126480172
402,1.03319511599011,-1.3216585409061012,-1.85235413161375
403,1.5800457185228098,-1.381233636640539,-2.102611411211535
404,-0.964916756051339,-1.190453164045137,1.061355623703318
405,-0.9375742259247041,-1.1934319188318592,1.1017698427687974
406,-0.9018186096052584,-1.1973272135529567,1.084671519318015
407,-0.8597531786412047,-1.2019099132248368,0.8142071301874926
408,-0.8050681183879348,-1.2078674227982806,0.6012552835732277
409,-0.7335568857490432,-1.2156580122404765,0.19244991379548035
410,-0.6494260238209357,-1.224823411584236,-0.392001869613012
411,-0.5442624464108009,-1.2362801607639362,-0.29096632194931127
412,-0.3970334380366125,-1.2523196096155151,-0.6220520396780571
413,-0.22877171418039727,-1.2706504083030346,-1.127229777996567
414,-0.01844455936012812,-1.293563906662434,-1.3215289081190709
415,0.2549807419062218,-1.3233514545296527,-1.6712673423395776
416,0.6125369051006792,-1.3623044017406318,-1.707018382282119
417,1.0331912147412174,-1.4081313984594304,-2.036549706969884
418,1.5800418172739172,-1.4677064941938684,-2.210641727559648
419,-0.9649186944078139,-1.2335401137720892,0.7815648763269106
420,-0.937576164281179,-1.236518868558811,0.804880771941612
421,-0.9018205479617329,-1.2404141632799086,0.8095439510645522
422,-0.8597551169976793,-1.2449968629517887,0.48312141245874674
423,-0.8050700567444095,-1.2509543725252326,0.17535159034469788
424,-0.7335588241055179,-1.2587449619674282,-0.28785753586734963
425,-0.6494279621774103,-1.2679103613111877,-0.926713075710142
426,-0.5442643847672757,-1.2793671104908875,-0.7075436569319583
427,-0.39703537639308717,-1.2954065593424673,-0.9360394339560226
428,-0.22877365253687187,-1.3137373580299865,-1.5158280382415747
429,-0.018446497716602756,-1.336650856389386,-1.6090916207003756
430,0.2549788035497471,-1.3664384042566047,-1.8391417907654208
431,0.6125349667442045,-1.4053913514675838,-1.9308509801832432
432,1.033189276384743,-1.4512183481863825,-2.181108259781028
433,1.5800398789174428,-1.5107934439208206,-2.2339576231743496
434,-0.7335477126152548,1.0218789280087859,0.11752816922024076
435,-0.649416850687147,1.0127135286650262,0.34913273232626674
436,-0.5442532732770123,1.0012567794853264,0.6009444049650302
437,-0.39702426490282383,0.9852173306337473,0.7159694899975538
438,-0.22876254104660865,0.9668865319462278,0.5574213998175891
439,-0.018435386226339494,0.943973033586828,0.4765929616866304
440,0.2549899150400104,0.914185485719609,0.6708920918091342
441,0.6125460782344677,0.8752325385086304,0.590063653678171
442,1.033200387875006,0.8294055417898315,0.21700932384296281
443,1.580050990407706,0.7698304460553934,0.05690684062202169
444,2.2951633167966197,0.691924551633436,-0.3938671412621881
445,3.1364719360776965,0.6002705581958387,-0.7482687546056352
446,-0.8597478822198192,0.9500800510516271,-0.6975955414696873
447,-0.8050628219665494,0.9441225414781832,-0.22972323613469722
448,-0.7335515893276578,0.9363319520359878,0.25680178569205164
449,-0.6494207273995503,0.9271665526922279,0.5474732843553181
450,-0.5442571499894157,0.9157098035125281,0.760425130969583
451,-0.39702814161522715,0.8996703546609489,0.796176170912122
452,-0.2287664177590119,0.8813395559734295,0.7169021258221419
453,-0.018439262938742783,0.8584260576140298,0.4200130549949566
454,0.25498603832760713,0.8286385097468106,0.4184586619539758
455,0.6125422015220645,0.7896855625358322,0.3376302238230148
456,1.033196511162603,0.7438585658170332,0.022088436504068422
457,1.5800471136953025,0.6842834700825952,-0.27324624128213826
458,2.2951594400842166,0.6063775756606378,-0.49086126701934124
459,3.1364680593652934,0.5147235822230406,-0.9027754228790502
460,-0.8597517834684016,0.8639632304074331,-0.8623612038135686
461,-0.8050667232151318,0.8580057208339893,-0.10226300677433359
462,-0.7335554905762404,0.8502151313917937,0.4417745575686771
463,-0.6494246286481328,0.841049732048034,0.7728602752974207
464,-0.5442610512379981,0.829592982868334,0.9267451863544451
465,-0.3970320428638096,0.813553534016755,0.9251907933134665
466,-0.2287703190075944,0.7952227353292353,0.710684553658223
467,-0.018443164187325254,0.7723092369698358,0.28011768130675296
468,0.2549821370790246,0.7425216891026167,0.08426415814326832
469,0.6125383002734821,0.7035687418916381,0.04384993907778894
470,1.0331926099140203,0.6577417451728395,-0.24993034566743694
471,1.58004321244672,0.5981666494384013,-0.5825704564371635
472,2.295155538835634,0.5202607550164436,-0.7007043275516467
473,3.136464158116711,0.4286067615788466,-1.4996623506153826
474,-0.8597537218246344,0.821154098775808,-0.5353169079913703
475,-0.8050686615713646,0.8151965892023643,0.14550724395788237
476,-0.7335574289324731,0.8074059997601688,0.6304778727436504
477,-0.6494265670043655,0.798240600416409,0.9211493714069168
478,-0.5442629895942308,0.7867838512367092,0.9957602373739611
479,-0.39703398122004224,0.77074440238513,0.8947246897102582
480,-0.22877225736382706,0.7524136036976103,0.5978356188830729
481,-0.018445102543557936,0.7295001053382107,0.12530013442514268
482,0.25498019872279193,0.6997125574709917,-0.13272911037754406
483,0.6125363619172494,0.6607596102600131,-0.19490483201674397
484,1.0331906715577877,0.6149326135412143,-0.41407425079492777
485,1.5800412740904872,0.5553575178067763,-0.8275427996956175
486,2.2951536004794013,0.4774516233848188,-1.1042247609900633
487,-0.8050594612950536,0.6481801393405822,0.3642103448237721
488,-0.7335482286561623,0.6403895498983864,0.36265595178279353
489,-0.6494173667280547,0.6312241505546268,0.577162191438037
490,-0.54425378931792,0.619767401374927,0.790114038052302
491,-0.3970247809437315,0.6037279525233475,0.8678336901013034
492,-0.22876305708751632,0.5853971538358281,0.7854508589293616
493,-0.01843590226724717,0.5624836554764289,0.5087688976349161
494,0.25498939899910267,0.5326961076092096,0.30980658838947195
495,0.6125455621935602,0.4937431603982309,0.22897815025851095
496,1.0331998718340984,0.44791616367943243,-0.10832513963415594
497,1.5800504743667982,0.38834106794499407,-0.4844882555513236
498,2.2951628007557128,0.3104351735230365,-0.7036576743295073
499,3.1364714200367887,0.21878118008543931,-1.2958814229428994
500,-0.8597522995093654,0.48240953685080445,-0.6298240048829568
501,-0.8050672392560955,0.47645202727736063,0.11628465478745742
502,-0.733556006617204,0.468661437835165,0.5857113531634283
503,-0.6494251446890964,0.4594960384914053,0.8592845283759122
504,-0.5442615672789618,0.4480392893117055,0.8965899613594344
505,-0.3970325589047734,0.431999840460126,0.7753473041629918
506,-0.22877083504855808,0.41366904177260655,0.4784582333358065
507,-0.018443680228288944,0.39075554341320734,0.08208800788589693
508,0.25498162103806093,0.36096799554598813,-0.3329349340557715
509,0.6125377842325184,0.32201504833500944,-0.4930374172767148
510,1.0331920938730568,0.2761880516162108,-0.5536587458749361
511,1.5800426964057566,0.21661295588177257,-0.9096147522593618
512,2.2951550227946704,0.138707061459815,-1.3059849777092691
513,3.136463642075747,0.04705306802221786,-1.9386229453881427
514,-0.9018104685535191,0.2769620046429543,-0.1460968905299721
515,-0.8597450375894657,0.2723793049710744,0.1912063993626948
516,-0.8050599773361957,0.2664217953976305,0.607783734345344
517,-0.7335487446973041,0.25863120595543476,0.9668485268117315
518,-0.6494178827691965,0.24946580661167503,1.2652919906798954
519,-0.5442543053590619,0.2380090574319754,1.4067417574090777
520,-0.39702529698487354,0.22196960858039594,1.2715095628438187
521,-0.22876357312865817,0.20363880989287644,0.9404238451150685
522,-0.018436418308389095,0.18072531153347712,0.3932774946900983
523,0.25498888295796085,0.15093776366625808,-0.2720027268493527
524,0.6125450461524181,0.11198481645527927,-0.5642286185536
525,1.0331993557929569,0.06615781973648072,-0.7771804651678627
526,1.5800499583256562,0.006582724002042488,-1.3445339251255748
527,-0.9018143452659841,0.19134428021309052,0.2714130802772652
528,-0.8597489143019306,0.18676158054121067,0.6693376987681512
529,-0.8050638540486605,0.1808040709677668,1.0486096007672783
530,-0.7335526214097692,0.17301348152557108,1.2491263030537054
531,-0.6494217594816615,0.16384808218181132,1.0983501780786427
532,-0.5442581820715269,0.15239133300211166,0.8885071175463349
533,-0.3970291736973384,0.1363518841505322,0.8558648636857575
534,-0.22876744984112315,0.11802108546301272,0.5667477580634697
535,-0.018440295020853995,0.09510758710361347,-0.15293621991028375
536,0.2549850062454959,0.06532003923639437,-0.5399800871143106
537,0.6125411694399533,0.0263670920254156,-0.8275427996956175
538,1.0331954790804918,-0.019459904693383004,-0.979873317711659
539,1.5800460816131914,-0.07903500042782123,-1.2083690947357233
540,2.2951584080021057,-0.15694089484977874,-1.5752058524070105
541,-0.9375738628341119,0.10900867556449882,0.0444716962941795
542,-0.9018182465146661,0.10511338084340094,0.40042770267860744
543,-0.8597528155506124,0.1005306811715211,0.7579381021040162
544,-0.8050677552973423,0.09457317159807721,1.1341012180211818
545,-0.733556522658451,0.08678258215588149,1.1962769396603838
546,-0.6494256607303435,0.07761718281212175,0.846538505439877
547,-0.5442620833202088,0.06616043363242209,0.3195992645476465
548,-0.39703307494602025,0.0501209847808426,0.18747585606434258
549,-0.22877135108980493,0.03179018609332314,-0.06433581657442088
550,-0.018444196269535817,0.008876687733923874,-0.7094089285811345
551,0.25498110499681415,-0.02091086013329523,-0.9208063821544185
552,0.6125372681912714,-0.059863807344274024,-1.2316849903504246
553,1.0331915778318097,-0.1056908040630726,-1.247228920760224
554,1.5800421803645097,-0.16526589979751086,-1.303187070235505
555,-0.9375758011904223,0.06611037250574409,0.10571478210879355
556,-0.9018201848709763,0.06221507778464622,0.42281096246872074
557,-0.8597547539069228,0.057632378112766336,0.7181456402549274
558,-0.8050696936536527,0.05167486853932248,0.9963819945903517
559,-0.7335584610147612,0.043884279097126715,0.9994907806723133
560,-0.6494275990866536,0.034718879753367016,0.4943130423538034
561,-0.5442640216765191,0.02326213057366735,-0.1663040000627118
562,-0.39703501330233065,0.007222681722087866,-0.20205504000525312
563,-0.22877328944611527,-0.01110811696543161,-0.35593995106227533
564,-0.018446134625846166,-0.034021615324830876,-0.9186302318970471
565,0.2549791666405038,-0.06380916319204996,-1.0523080334213297
566,0.6125353298349612,-0.10276211040302878,-1.380284965068116
567,1.0331896394754996,-0.14858910712182732,-1.4564502240761368
568,1.5800402420081991,-0.20816420285626558,-1.4719941544859383
569,-0.9375664289011783,0.02545023060299196,0.5676803938880577
570,-0.9018108125817322,0.021554935881894093,0.7868498126662415
571,-0.8597453816176788,0.016972236210014167,1.0852932765344099
572,-0.8050603213644087,0.011014726636570401,1.5220777210497989
573,-0.7335490887255173,0.0032241371943746125,1.7039417068444604
574,-0.6494182267974097,-0.005941262149385075,1.431922924672955
575,-0.544254649387275,-0.01739801132908472,1.158349749460471
576,-0.3970256410130866,-0.03343746018066423,0.9065380768217055
577,-0.22876391715687125,-0.05176825886818368,0.5567996426011986
578,-0.01843676233660216,-0.07468175722758302,-0.11003497197923551
579,0.25498853892974777,-0.1044693050948021,-1.2867105040011175
580,0.612544702124205,-0.14342225230578096,-0.8887858855102294
581,1.0331990117647434,-0.18924924902457946,-1.0442251896082324
582,1.5800496142974434,-0.24882434475901768,-1.3146895787387591
583,2.2951619406863575,-0.32673023918097527,-1.8229761031392286
584,3.1364705599674343,-0.4183842326185724,-2.2924028015151974
585,-0.9649167369891938,-0.14368834398953167,0.37726724636800485
586,-0.937574206862559,-0.14666709877625356,0.8544659099488732
587,-0.9018185905431132,-0.15056239349735145,1.0969512243417583
588,-0.8597531595790594,-0.15514509316923134,1.1808884485546787
589,-0.8050680993257894,-0.16110260274267516,1.2648256727676035
590,-0.7335568666868979,-0.16889319218487092,1.1342566573252804
591,-0.6494260047587904,-0.1780585915286306,0.5093906548513066
592,-0.5442624273486558,-0.1895153407083303,-0.4092556323678909
593,-0.39703341897446737,-0.20555478955990975,-0.7776467830801567
594,-0.22877169511825204,-0.22388558824742918,-0.7512221013834981
595,-0.018444540297982905,-0.24679908660682848,-1.1786801876530064
596,0.254980760968367,-0.2765866344740476,-2.0584666488477033
597,0.6125369241628242,-0.31553958168502644,-1.6791947468485762
598,1.0331912338033626,-0.361366578403825,-1.829970871823639
599,1.5800418363360627,-0.4209416741382633,-1.92323445428244
600,2.2951541627249763,-0.4988475685602208,-2.0942176887902444
601,3.136462782006053,-0.5905015619978178,-2.206133987740807
602,-0.9649094750722133,-0.3570704860852569,1.5960668298004481
603,-0.9375669449455784,-0.3600492408719788,1.6162739393331877
604,-0.9018113286261323,-0.36394453559307677,1.5572070037759473
605,-0.8597458976620788,-0.3685272352649566,0.9665376482035339
606,-0.8050608374088087,-0.3744847448384004,0.7504770155073118
607,-0.7335496047699174,-0.3822753342805962,0.5934833183683258
608,-0.6494187428418097,-0.39144073362435594,0.20022187900038005
609,-0.5442551654316751,-0.40289748280405546,-0.3702403670392914
610,-0.3970261570574866,-0.41893693165563506,-0.5085813476865142
611,-0.22876443320127135,-0.43726773034315436,-0.6655750448254981
612,-0.018437278381002238,-0.46018122870255374,-0.8427758514972217
613,0.2549880228853476,-0.48996877656977267,-1.276451509930649
614,0.6125441860798051,-0.5289217237807515,-1.551579078184116
615,1.0331984957203433,-0.5747487204995504,-1.6308531232740962
616,1.580049098253043,-0.6343238162339883,-2.024114562642044
617,-0.9649133517850684,-0.4431364355852423,1.2705769270192306
618,-0.9375708216584334,-0.4461151903719642,1.1337903394129842
619,-0.9018152053389877,-0.45001048509306213,1.017210861339482
620,-0.859749774374934,-0.454593184764942,0.4280958988080516
621,-0.8050647141216639,-0.4605506943383858,0.35037624675905005
622,-0.7335534814827728,-0.4683412837805816,0.23379676868554777
623,-0.6494226195546651,-0.4775066831243413,-0.061537909100656714
624,-0.5442590421445302,-0.4889634323040409,-0.5325190005176061
625,-0.39703003377034185,-0.5050028811556204,-0.8060921757300923
626,-0.22876830991412664,-0.5233336798431398,-0.8636047182463542
627,-0.018441155093857495,-0.5462471782025392,-1.0408055249180777
628,0.25498414617249243,-0.5760347260697581,-1.5506464423595279
629,0.6125403093669499,-0.6149876732807369,-1.8832865531292546
630,1.033194619007488,-0.6608146699995358,-2.0200731407354966
631,1.580045221540188,-0.7203897657339737,-2.2547864899234797
632,-0.9649172530343797,-0.5300900278229991,0.5089243369390147
633,-0.9375747229077448,-0.533068782609721,0.5493385560044941
634,-0.9018191065882989,-0.536964077330819,0.5104787299799934
635,-0.8597536756242452,-0.5415467770026988,0.27576538079200796
636,-0.8050686153709753,-0.5475042865761426,0.21825283827574835
637,-0.7335573827320839,-0.5552948760183384,0.19960012178398728
638,-0.6494265208039762,-0.564460275362098,-0.1905525315020012
639,-0.5442629433938415,-0.5759170245417976,-0.7003934489434492
640,-0.3970339350196531,-0.5919564733933772,-1.012826450180436
641,-0.22877221116343785,-0.6102872720808966,-1.1091988187211987
642,-0.018445056343168717,-0.633200770440296,-1.362564884400943
643,0.25498024492318117,-0.662988318307515,-1.7931317567524108
644,0.6125364081176387,-0.7019412655184939,-1.9889852799158956
645,1.033190717758177,-0.7477682622372925,-2.1646316935466383
646,1.5800413202908767,-0.8073433579717306,-2.358930823669142
647,-0.964919191391182,-0.5735532811923705,0.5437427410569659
648,-0.9375766612645471,-0.5765320359790923,0.5826025670814666
649,-0.9018210449451013,-0.5804273307001903,0.6028096766142063
650,-0.8597556139810476,-0.5850100303720701,0.32923650140172234
651,-0.8050705537277776,-0.5909675399455139,0.15359008777097957
652,-0.7335593210888862,-0.5987581293877098,0.07431604268099722
653,-0.6494284591607786,-0.6079235287314695,-0.4526231982112332
654,-0.5442648817506439,-0.619380277911169,-1.0013239416771842
655,-0.3970358733764554,-0.6354197267627486,-1.2344828978241889
656,-0.22877414952024022,-0.6537505254502679,-1.2748971168896703
657,-0.01844699469997108,-0.6766640238096674,-1.6059828346184162
658,0.25497830656637877,-0.7064515716768863,-1.9976898809453834
659,0.6125344697608363,-0.7454045188878652,-2.1142693590188855
660,1.0331887794013745,-0.7912315156066637,-2.348982708206871
661,1.5800393819340746,-0.8508066113411019,-2.5448362313703554
662,-0.7335554906445568,2.225904530138133,0.22493672835196127
663,-0.6494246287164493,2.216739130794373,0.4005831419827062
664,-0.5442610513063146,2.2052823816146736,0.6352964911706894
665,-0.3970320429321262,2.189242932763094,0.9088696663831733
666,-0.22877031907591092,2.1709121340755746,1.2213026676201626
667,-0.018443164255641797,2.147998635716175,1.5352900618981258
668,0.2549821370107081,2.1182110878489553,1.6907293659961289
669,0.6125383002051654,2.079258140637977,1.5928026044143877
670,1.0331926098457038,2.033431143919178,1.4373633003163846
671,1.5800432123784038,1.9738560481847405,1.0658633635221595
672,2.2951555387673177,1.8959501537627836,0.5373697295889482
673,3.1364641580483945,1.8042961603251855,0.14566268326198112
674,-0.7335574290007446,2.1831470231435532,-0.3529866042844124
675,-0.649426567072637,2.173981623799794,0.26721621906661897
676,-0.5442629896625024,2.162524874620094,0.654260086270648
677,-0.3970339812883139,2.146485425768515,0.9247244754011703
678,-0.22877225743209867,2.1281546270809955,1.2356030835971763
679,-0.018445102611829522,2.1052411287215955,1.5247201892194642
680,0.2549801986545204,2.075453580854376,1.6210925577602269
681,0.6125363618489776,2.0365006336433975,1.4065863181049834
682,1.033190671489516,1.9906736369245988,1.269799730498737
683,1.5800412740222158,1.9310985411901609,0.8205801416555102
684,2.29515360041113,1.8531926467682038,0.23768275128799873
685,3.136462219692207,1.761538653330606,-0.405835967677734
686,-0.397025067701334,1.7676020018856646,-0.11547534762266508
687,-0.22876334384511873,1.7492712031981452,0.7441040040392942
688,-0.01843618902484958,1.7263577048387462,1.07518972176804
689,0.25498911224150034,1.696570156971527,1.3472085039395454
690,0.6125452754359577,1.6576172097605482,1.3270013944068058
691,1.0331995850764961,1.6117902130417496,1.2073131302513418
692,1.580050187609196,1.5522151173073115,0.6601667798263694
693,2.2951625139981098,1.474309222885354,0.032191991270438265
694,3.136471133279187,1.3826552294477568,-0.5942284042445142
695,-0.6494254314465678,1.6235205653242915,0.09110348752358219
696,-0.5442618540364332,1.612063816144592,0.5232247529160287
697,-0.3970328456622448,1.596024367293012,0.7983523211694956
698,-0.22877112180602943,1.5776935686054927,1.1698522579637207
699,-0.018443966985760306,1.5547800702460934,1.3657057811272078
700,0.2549813342805896,1.5249925223788745,1.3252915620617238
701,0.612537497475047,1.4860395751678956,1.0486096007672783
702,1.0331918071155852,1.4402125784490971,0.7330678134483319
703,1.5800424096482852,1.380637482714659,0.10198423881044134
704,2.2951547360371993,1.3027315882927013,-0.7249528589909339
705,3.1364633553182766,1.211077594855104,-1.2581096720470855
706,-0.733549318144883,1.2098969184016126,0.38783711904666873
707,-0.6494184562167755,1.200731519057853,0.7593370558408962
708,-0.5442548788066408,1.189274769878153,1.091977166610625
709,-0.3970258704324524,1.1732353210265738,1.365550341823109
710,-0.2287641465762371,1.1549045223390544,1.4634771034048502
711,-0.018436991755967976,1.131991023979655,1.4246172773803494
712,0.2549883095103819,1.1022034761124357,1.073324450118864
713,0.6125444727048392,1.0632505289014569,0.28991035746492755
714,1.0331987823453777,1.0174235321826584,-0.6085288202215303
715,-0.9018149187135095,1.1426713866755054,-0.5407572836348021
716,-0.8597494877494558,1.1380886870036255,-0.2050083867831138
717,-0.8050644274961861,1.1321311774301814,0.169600336093073
718,-0.7335531948572945,1.124340587987986,0.5442090589692621
719,-0.6494223329291869,1.115175188644226,0.8799579558209482
720,-0.5442587555190522,1.1037184394645263,1.117780091090893
721,-0.3970297471448639,1.087678990612947,1.2390227482873355
722,-0.22876802328864854,1.0693481919254275,1.2405771413283142
723,-0.01844086846837941,1.0464346935660283,1.0074181851813095
724,0.2549844327979705,1.016647145698809,0.5193387703135777
725,0.6125405959924278,0.9776941984878302,-0.3806548004138588
726,1.0331949056329661,0.9318672017690316,-1.437642068280279
727,-0.9018188199620943,1.0565517948881817,-0.7843306731563718
728,-0.8597533889980407,1.0519690952163019,-0.3351110843131429
729,-0.8050683287447709,1.0460115856428582,0.1529683305545868
730,-0.7335570961058794,1.0382209962006623,0.5244682673488142
731,-0.6494262341777718,1.0290555968569026,0.7980414425612982
732,-0.5442626567676372,1.0175988476772029,0.9550351397002842
733,-0.39703364839344873,1.0015593988256235,0.9177297067167621
734,-0.2287719245372334,0.9832286001381041,0.762290402618759
735,-0.018444769716964297,0.9603151017787047,0.3736921423737514
736,0.2549805315493856,0.9305275539114856,-0.17034542196925928
737,0.612536694743843,0.8915746067005067,-0.9490963355002554
738,-0.9018207583183223,1.0137484218092767,-0.7748488756063947
739,-0.8597553273542685,1.0091657221373969,-0.3256292867631658
740,-0.8050702671009985,1.0032082125639532,0.12359030208006311
741,-0.733559034462107,0.9954176231217575,0.4950902388742927
742,-0.6494281725339995,0.9862522237779976,0.6924981550787538
743,-0.5442645951238648,0.9747954745982979,0.791979309701478
744,-0.3970355867496764,0.9587560257467186,0.6583015081771932
745,-0.2287738628934611,0.9404252270591992,0.40804422857941064
746,-0.01844670807319197,0.9175117286997998,0.08006729693262207
747,0.2549785931931579,0.8877241808325806,-0.4624158743694078
748,0.6125347563876151,0.8487712336216018,-1.0810643046794606
749,-0.9649097236032367,0.8365851634887839,0.31711223568207764
750,-0.9375671934766018,0.8336064087020619,0.5160745449275217
751,-0.901811577157156,0.8297111139809636,0.6559699186157253
752,-0.8597461461931024,0.8251284143090838,0.8160724018366686
753,-0.8050610859398322,0.8191709047356402,1.3290221053600761
754,-0.7335498533009408,0.8113803152934442,1.705185221277246
755,-0.6494189913728332,0.8022149159496846,1.8466349880064281
756,-0.5442554139626986,0.790758166769985,1.730055509932926
757,-0.3970264055885101,0.7747187179184054,1.574616205834923
758,-0.22876468173229486,0.7563879192308861,1.2823903141306778
759,-0.01843752691202573,0.7334744208714868,0.8518234417792078
760,0.2549877743543241,0.7036868730042676,0.32332980784599874
761,0.6125439375487814,0.6647339257932889,-0.4025717422916758
762,-0.9649175015644273,0.6646861386071803,0.21281246263231876
763,-0.9375749714377924,0.6617073838204585,0.6107370811232069
764,-0.9018193551183465,0.6578120890993603,0.8718751120078487
765,-0.859753924154293,0.6532293894274804,1.0723918142942759
766,-0.805068863901023,0.6472718798540368,1.2542558000889374
767,-0.7335576312621314,0.6394812904118411,1.356845740793619
768,-0.6494267693340239,0.6303158910680813,1.145448287220337
769,-0.5442631919238892,0.6188591418883815,0.7755027434670906
770,-0.39703418354970077,0.6028196930368018,0.229910786083099
771,-0.22877245969348545,0.5844888943492826,-0.09962053860466817
772,-0.018445304873216353,0.5615753959898833,-0.44935897282517506
773,0.25497999639313357,0.5317878481226642,-0.8379572330701827
774,0.6125361595875909,0.4928349009116855,-1.4830303450768962
775,-0.9649105263370645,0.2391073099747681,-0.03511322740399814
776,-0.9375679962104296,0.23612855518804615,0.17628422616928593
777,-0.901812379890984,0.23223326046694842,0.2711022016690699
778,-0.8597469489269302,0.22765056079506837,0.3457130676361098
779,-0.8050618886736601,0.22169305122162475,0.7125498253073991
780,-0.7335506560347688,0.21390246177942898,1.003221323970661
781,-0.6494197941066612,0.20473706243566897,1.0576250804049658
782,-0.5442562166965265,0.1932803132559692,0.899076990225001
783,-0.39702720832233807,0.17724086440439019,0.7778343330285584
